run_at,experiment,target,pr_auc,pr_auc_lift,roc_auc,brier,base_rate,recall@1%,precision@1%,recall@2%,precision@2%,recall@5%,precision@5%,recall@10%,precision@10%,recall@20%,precision@20%,n_features,seconds,pred_to_obs_ratio
2026-10-08T18:34:25,Benchmark: fire history,ign,0.0206632250730534,5.69265352893104,0.8134165110821227,0.0035850049725778,0.0036298054972148,0.0930817610062893,0.0349881796690307,0.140566037735849,0.0257044278320874,0.2844339622641509,0.0206932052161976,0.4243710691823899,0.0154369709448638,0.6212264150943396,0.0112989018531228,,,
2026-10-08T18:34:25,Benchmark: ERC percentile,ign,0.00452271656115,1.2459941902177285,0.5906090299558113,0.3220144467431861,0.0036298054972148,0.0099056603773584,0.0037234042553191,0.020754716981132,0.0037952846463484,0.0594339622641509,0.0043239533287577,0.1150943396226415,0.0041866849691146,0.2182389937106918,0.0039693433996797,,,
2026-10-08T18:34:25,Benchmark: ERC x history,ign,0.0202870172334937,5.589009452175852,0.8133958629641957,0.0035889337836889,0.0036298054972148,0.0927672955974842,0.034869976359338,0.1495283018867924,0.027343300747556,0.2822327044025157,0.020533058796614,0.4265723270440251,0.0155170441546556,0.6235849056603774,0.0113417982155113,,,
2026-10-08T18:34:25,v1 features (shipped model),ign,0.0210336412792066,5.794702028895396,0.8281187805810316,0.0035819715783781,0.0036298054972148,0.0812893081761006,0.0305555555555555,0.1369496855345912,0.0250431282346175,0.2627358490566038,0.0191146190803019,0.4034591194968553,0.0146762754518416,0.5992138364779874,0.0108985358041638,31.0,50.0,
2026-10-08T18:34:25,+ fuels/ERC/Santa Ana,ign,0.0210354741273249,5.795206972788327,0.828360019842771,0.0035818536643989,0.0036298054972148,0.0809748427672956,0.0304373522458628,0.1369496855345912,0.0250431282346175,0.265251572327044,0.0192976435598261,0.4102201257861635,0.0149222145962022,0.5990566037735849,0.0108956760466712,40.0,58.0,
2026-10-08T18:34:25,+ human drivers/WUI,ign,0.0214880706514294,5.9198958919196025,0.8373615538028014,0.0035803855898886,0.0036298054972148,0.0783018867924528,0.0294326241134751,0.1378930817610063,0.0252156411730879,0.270754716981132,0.0196980096087851,0.4183962264150943,0.0152196293754289,0.6265723270440252,0.01139613360787,54.0,109.0,
2026-10-08T18:34:25,+ ignition history (all),ign,0.0268912521761065,7.40845541083127,0.8537606457654706,0.003569055869063,0.0036298054972148,0.0966981132075471,0.0363475177304964,0.1572327044025157,0.0287521564117308,0.2957547169811321,0.0215168153740562,0.4488993710691824,0.016329215282544,0.6602201257861635,0.0120081217112788,59.0,127.0,
2026-10-08T18:41:14,Benchmark: fire history,large,0.00014112415375,1.75370281726676,0.6621235514872792,8.062834138716402e-05,8.047210300429185e-05,0.0070921985815602,5.9101654846335695e-05,0.0354609929078014,0.0001437607820586,0.0638297872340425,0.0001029512697323,0.1418439716312056,0.0001143902997025,0.226950354609929,9.151223976206818e-05,,,
2026-10-08T18:41:14,Benchmark: ERC percentile,large,0.0001176318590839,1.4617719022168147,0.6490319442154111,0.3225657583353903,8.047210300429185e-05,0.0070921985815602,5.9101654846335695e-05,0.0141843971631205,5.750431282346176e-05,0.0567375886524822,9.151223976206818e-05,0.1418439716312056,0.0001143902997025,0.2340425531914893,9.43719972546328e-05,,,
2026-10-08T18:41:14,Benchmark: ERC x history,large,0.000151695567377,1.885070250606093,0.6844451442382307,8.054036231423955e-05,8.047210300429185e-05,0.0070921985815602,5.9101654846335695e-05,0.0070921985815602,2.875215641173088e-05,0.0709219858156028,0.0001143902997025,0.1347517730496454,0.0001086707847174,0.2411347517730496,9.723175474719744e-05,,,
2026-10-08T18:41:14,v1 features (shipped model),large,0.0003212324077354,3.9918480534586127,0.7985743410543586,8.045242999728831e-05,8.047210300429185e-05,0.0141843971631205,0.0001182033096926,0.0283687943262411,0.0001150086256469,0.1063829787234042,0.0001715854495538,0.1914893617021276,0.0001544269045984,0.3546099290780142,0.0001429878746282,31.0,118.0,
2026-10-08T18:41:14,+ fuels/ERC/Santa Ana,large,0.0003637057203814,4.51964975193989,0.8261963373976331,8.044999226791851e-05,8.047210300429185e-05,0.0212765957446808,0.000177304964539,0.0425531914893617,0.0001725129384703,0.0992907801418439,0.0001601464195836,0.2198581560283688,0.000177304964539,0.3687943262411347,0.0001487073896133,40.0,88.0,
2026-10-08T18:41:14,+ human drivers/WUI,large,0.0003663970466961,4.553093966944651,0.8329386094006663,8.044935258638419e-05,8.047210300429185e-05,0.0141843971631205,0.0001182033096926,0.0283687943262411,0.0001150086256469,0.1063829787234042,0.0001715854495538,0.1985815602836879,0.0001601464195836,0.4042553191489361,0.0001630061770761,54.0,91.0,
2026-10-08T18:41:14,+ ignition history (all),large,0.0003934203353048,4.888903366721021,0.8377773632340907,8.044804787645256e-05,8.047210300429185e-05,0.0212765957446808,0.000177304964539,0.0354609929078014,0.0001437607820586,0.0709219858156028,0.0001143902997025,0.1914893617021276,0.0001544269045984,0.4184397163120567,0.0001687256920613,59.0,91.0,
2026-10-08T18:46:45,Benchmark: fire history,fire,0.0030019597941773,3.5491996443763623,0.749193876803302,0.0008480594651663,0.0008458131677472,0.0229419703103913,0.0020094562647754,0.0377867746288798,0.0016101207590569,0.0958164642375168,0.0016243422557767,0.1686909581646423,0.0014298787462823,0.3117408906882591,0.0013212079615648,,,
2026-10-08T18:46:45,Benchmark: ERC percentile,fire,0.0011197103747638,1.3238270784387982,0.6178940794295606,0.322407607938825,0.0008458131677472,0.0080971659919028,0.000709219858156,0.0155195681511471,0.0006612995974698,0.0546558704453441,0.0009265614275909,0.1255060728744939,0.001063829787234,0.2604588394062078,0.0011038663921299,,,
2026-10-08T18:46:45,Benchmark: ERC x history,fire,0.0027588870539767,3.2618161541807287,0.7671984754350016,0.0008462257076248,0.0008458131677472,0.0242914979757085,0.002127659574468,0.039136302294197,0.0016676250718803,0.1039136302294197,0.0017616106154198,0.1740890688259109,0.0014756348661633,0.3279352226720647,0.0013898421413864,,,
2026-10-08T18:46:45,v1 features (shipped model),fire,0.0033877966895085,4.005372366726951,0.8352736889679659,0.0008436975526935,0.0008458131677472,0.0283400809716599,0.002482269503546,0.0533063427800269,0.0022714203565267,0.1167341430499325,0.0019789521848547,0.2280701754385964,0.0019331960649736,0.4149797570850202,0.0017587508579272,31.0,69.0,
2026-10-08T18:46:45,+ fuels/ERC/Santa Ana,fire,0.0050258573301215,5.942041956508636,0.849188902019667,0.0008429388324303,0.0008458131677472,0.0134952766531713,0.0011820330969267,0.0269905533063427,0.0011500862564692,0.0796221322537112,0.0013498055364905,0.1774628879892038,0.0015042324410889,0.3427800269905533,0.0014527568062228,40.0,64.0,
2026-10-08T18:46:45,+ human drivers/WUI,fire,0.0056775944371867,6.71258695618157,0.8555550864358472,0.0008425889650935,0.0008458131677472,0.0209176788124156,0.0018321513002364,0.0425101214574898,0.001811385853939,0.0910931174089068,0.0015442690459849,0.1936572199730094,0.001641500800732,0.354251012145749,0.0015013726835964,54.0,92.0,
2026-10-08T18:46:45,+ ignition history (all),fire,0.0048189927124131,5.697467119420926,0.8570648003535237,0.0008429155762698,0.0008458131677472,0.0182186234817813,0.001595744680851,0.0323886639676113,0.001380103507763,0.0796221322537112,0.0013498055364905,0.1734143049932523,0.0014699153511782,0.3515519568151147,0.0014899336536261,59.0,94.0,
2026-10-08T19:30:26,tuned (Optuna),ign,0.0284430139204048,7.835960891631531,0.8559293650673566,0.0035692220004682,0.0036298054972148,0.1020440251572327,0.0383569739952718,0.165880503144654,0.030333525014376,0.3023584905660377,0.0219972546328071,0.455188679245283,0.0165579958819492,0.6724842767295598,0.0122311827956989,59.0,,
2026-10-08T20:15:59,tuned (Optuna),fire,0.0064321193598815,7.604657393798949,0.8722256653712502,0.0008442212149516,0.0008458131677472,0.0290148448043184,0.0025413711583924,0.0472334682860998,0.0020126509488211,0.1005398110661268,0.0017044154655685,0.1909581646423751,0.0016186227407915,0.3758434547908232,0.0015928849233584,54.0,,
2026-10-08T20:39:14,tuned (Optuna),large,0.000505020219486,6.275717927479389,0.854757011666366,8.046374566035579e-05,8.047210300429185e-05,0.0212765957446808,0.000177304964539,0.0425531914893617,0.0001725129384703,0.0921985815602836,0.0001487073896133,0.2624113475177305,0.0002116220544497,0.4326241134751773,0.0001744452070464,59.0,,
2026-10-08T20:41:12,tuned model (stack input),ign,0.0284430139204048,7.835960891631531,0.8559293650673566,0.0035692220004682,0.0036298054972148,0.1020440251572327,0.0383569739952718,0.165880503144654,0.030333525014376,0.3023584905660377,0.0219972546328071,0.455188679245283,0.0165579958819492,0.6724842767295598,0.0122311827956989,,,
2026-10-08T20:41:12,stacked: model + history + ERC,ign,0.0282988009540876,7.796230672911034,0.8552694952161919,0.0035689439434214,0.0036298054972148,0.1037735849056603,0.0390070921985815,0.1669811320754717,0.0305347901092581,0.3037735849056603,0.0221002059025394,0.4602201257861635,0.0167410203614733,0.6723270440251572,0.0122283230382063,,,
2026-10-08T20:41:34,tuned model (stack input),large,0.000505020219486,6.275717927479389,0.854757011666366,8.046374566035579e-05,8.047210300429185e-05,0.0212765957446808,0.000177304964539,0.0425531914893617,0.0001725129384703,0.0921985815602836,0.0001487073896133,0.2624113475177305,0.0002116220544497,0.4326241134751773,0.0001744452070464,,,
2026-10-08T20:41:34,stacked: model + history + ERC,large,0.000505748433119,6.284767195559128,0.8500776605538851,8.046841941596996e-05,8.047210300429185e-05,0.0212765957446808,0.000177304964539,0.0496453900709219,0.0002012650948821,0.1063829787234042,0.0001715854495538,0.2624113475177305,0.0002116220544497,0.4397163120567376,0.000177304964539,,,
2026-10-08T20:41:57,tuned model (stack input),fire,0.0064321193598815,7.604657393798949,0.8722256653712502,0.0008442212149516,0.0008458131677472,0.0290148448043184,0.0025413711583924,0.0472334682860998,0.0020126509488211,0.1005398110661268,0.0017044154655685,0.1909581646423751,0.0016186227407915,0.3758434547908232,0.0015928849233584,,,
2026-10-08T20:41:57,stacked: model + history + ERC,fire,0.0057917090137798,6.847503957884322,0.8645245641704337,0.000843346737226,0.0008458131677472,0.0269905533063427,0.0023640661938534,0.048582995951417,0.0020701552616446,0.0964912280701754,0.0016357812857469,0.1956815114709851,0.0016586593456874,0.3758434547908232,0.0015928849233584,,,
2026-10-08T20:43:58,calibration window: all past,ign,,,,0.0027382392082601,,,,,,,,,,,,,,1.2011074974036686
2026-10-08T20:43:58,calibration window: last 10y,ign,,,,0.0027381036150472,,,,,,,,,,,,,,1.160776870706484
2026-10-08T20:43:58,calibration window: last 7y,ign,,,,0.0027383770936647,,,,,,,,,,,,,,1.1166646148512298
2026-10-08T20:43:58,calibration window: last 5y,ign,,,,0.0027377151854387,,,,,,,,,,,,,,1.0686360730048012
2026-10-08T20:44:19,calibration window: all past,large,,,,7.62050482695232e-05,,,,,,,,,,,,,,1.094866089139053
2026-10-08T20:44:19,calibration window: last 10y,large,,,,7.621047820113013e-05,,,,,,,,,,,,,,1.0737218890314943
2026-10-08T20:44:19,calibration window: last 7y,large,,,,7.621841670627281e-05,,,,,,,,,,,,,,1.0673383934469125
2026-10-08T20:44:19,calibration window: last 5y,large,,,,7.621075869961865e-05,,,,,,,,,,,,,,1.0625222586406526
2026-10-08T20:44:42,calibration window: all past,fire,,,,0.0004437261875219,,,,,,,,,,,,,,2.306676155386041
2026-10-08T20:44:42,calibration window: last 10y,fire,,,,0.000442657544576,,,,,,,,,,,,,,1.8419796529046104
2026-10-08T20:44:42,calibration window: last 7y,fire,,,,0.0004413430727324,,,,,,,,,,,,,,1.3694429129395316
2026-10-08T20:44:42,calibration window: last 5y,fire,,,,0.0004411115897491,,,,,,,,,,,,,,1.1811051073442391
2026-10-08T20:55:41,"weekly model (default params, same folds)",ign,0.0268912521761065,7.40845541083127,0.8537606457654706,0.0035781826624977,0.0036298054972148,0.0966981132075471,0.0363475177304964,0.1572327044025157,0.0287521564117308,0.2957547169811321,0.0215168153740562,0.4488993710691824,0.016329215282544,0.6602201257861635,0.0120081217112788,,,
2026-10-08T20:55:41,daily model aggregated to week,ign,0.0266187124930596,7.333371585194879,0.8553888136559189,0.0035781984597175,0.0036298054972148,0.0944968553459119,0.0355200945626477,0.1591194968553459,0.0290971822886716,0.2949685534591195,0.0214596202242049,0.455503144654088,0.0165694349119194,0.6641509433962264,0.0120796156485929,,,
2026-10-08T20:55:41,rank-average of weekly + daily,ign,0.0275730902198288,7.596299647731976,0.8561830226325752,0.0035781826624977,0.0036298054972148,0.0976415094339622,0.0367021276595744,0.1610062893081761,0.0294422081656124,0.3004716981132075,0.021859986273164,0.4564465408805031,0.0166037520018302,0.6671383647798742,0.0121339510409517,,,
2026-10-08T21:00:46,"weekly model (default params, same folds)",large,0.0003934203353048,4.888903366721021,0.8377773632340907,8.05161324931619e-05,8.047210300429185e-05,0.0212765957446808,0.000177304964539,0.0354609929078014,0.0001437607820586,0.0709219858156028,0.0001143902997025,0.1914893617021276,0.0001544269045984,0.4184397163120567,0.0001687256920613,,,
2026-10-08T21:00:46,daily model aggregated to week,large,0.0003256719580244,4.047016865050677,0.8235383259692054,8.050037846981243e-05,8.047210300429185e-05,0.0141843971631205,0.0001182033096926,0.0283687943262411,0.0001150086256469,0.0992907801418439,0.0001601464195836,0.2056737588652482,0.0001658659345687,0.375886524822695,0.0001515671471059,,,
2026-10-08T21:00:46,rank-average of weekly + daily,large,0.0003630717709205,4.511771873306555,0.841711153032081,8.05161324931619e-05,8.047210300429185e-05,0.0141843971631205,0.0001182033096926,0.0425531914893617,0.0001725129384703,0.0709219858156028,0.0001143902997025,0.1985815602836879,0.0001601464195836,0.4042553191489361,0.0001630061770761,,,
2026-10-08T21:05:38,"weekly model (default params, same folds)",fire,0.004606925396969499,5.446741162991955,0.8582701004958944,0.000845821313091575,0.0008458131677472377,0.016869095816464237,0.0014775413711583924,0.038461538461538464,0.00163887291546866,0.08771929824561403,0.0014870738961336079,0.1680161943319838,0.001424159231297186,0.34885290148448045,0.001478494623655914,,,
2026-10-08T21:05:38,daily model aggregated to week,fire,0.004020636056186809,4.753574677603427,0.8595125788312477,0.0008686411366494179,0.0008458131677472377,0.02834008097165992,0.0024822695035460994,0.05600539811066127,0.002386428982173663,0.11740890688259109,0.0019903912148249827,0.20512820512820512,0.0017387325554792954,0.3724696356275304,0.001578586135895676,,,
2026-10-08T21:05:38,rank-average of weekly + daily,fire,0.004387356074942507,5.187145627713403,0.8655436370602106,0.000845821313091575,0.0008458131677472377,0.02631578947368421,0.002304964539007092,0.04116059379217274,0.0017538815411155837,0.10256410256410256,0.0017387325554792954,0.1970310391363023,0.0016700983756577441,0.37044534412955465,0.0015700068634179822,,,
